<?xml version="1.0" encoding="utf-8" ?>
<resources>

  <!--<style name="MainTheme" parent="MainTheme.Base">
    --><!-- As of Xamarin.Forms 4.6 the theme has moved into the Forms binary --><!--
    --><!-- If you want to override anything you can do that here. --><!--
    --><!-- Underneath are a couple of entries to get you started. --><!--

    --><!-- Set theme colors from https://aka.ms/material-colors --><!--
    --><!-- colorPrimary is used for the default action bar background --><!--
    <item name="colorPrimary">#1261A0</item>
    --><!-- colorPrimaryDark is used for the status bar --><!--
    <item name="colorPrimaryDark">#1261A0</item>
    --><!-- colorAccent is used as the default value for colorControlActivated
         which is used to tint widgets --><!--
    <item name="colorAccent">#1261A0</item>
  </style>-->


  <style name="MainTheme" parent="MainTheme.Base">
    <item name="android:windowBackground">#ffffff</item>
    <item name="android:textStyle">normal</item>
  </style>
  <!-- Base theme applied no matter what API -->
  <style name="MainTheme.Base" parent="Theme.AppCompat.Light.DarkActionBar">
    <!--If you are using revision 22.1 please use just windowNoTitle. Without android:-->
    <item name="windowNoTitle">true</item>
    <!--We will be using the toolbar so no need to show ActionBar-->
    <item name="windowActionBar">false</item>
    <!-- Set theme colors from http://www.google.com/design/spec/style/color.html#color-color-palette -->
    <!-- colorPrimary is used for the default action bar background -->
    <item name="colorPrimary">#1261A0</item>
    <!-- colorPrimaryDark is used for the status bar -->
    <item name="colorPrimaryDark">#1261A0</item>
    <!-- colorAccent is used as the default value for colorControlActivated
         which is used to tint widgets -->
    <item name="colorAccent">#1261A0</item>
    <!-- You can also set colorControlNormal, colorControlActivated
         colorControlHighlight and colorSwitchThumbNormal. -->
    <item name="windowActionModeOverlay">true</item>

    <item name="android:datePickerDialogTheme">@style/AppCompatDialogStyle</item>

  </style>





  <style name="AppCompatDialogStyle" parent="Theme.AppCompat.Light.Dialog">
    <item name="colorAccent">#1261A0</item>
  </style>
</resources>